"CASE_LBL";"p1";"p2";"p8";"p11";"p13";"p16";"p21";"p24";"p25";"p27";"p28";"p34";"p35";"p36";"p37";"out"
"BOV1";0.21;0.17;0.18;0.23;0.23;0.29;0.27;0.29;0.1;0.09;0.1;0.27;0.28;0.41;0.22;0
"BOV2";0.34;0.22;0.23;0.37;0.41;0.55;0.48;0.56;0.07;0.07;0.09;0.36;0.47;0.72;0.39;0
"BOV3";0.73;0.61;0.52;0.56;0.55;0.62;0.58;0.65;0.14;0.14;0.16;0.53;0.63;0.86;0.43;0
"BOV4";0.8;0.55;0.51;0.56;0.55;0.59;0.59;0.69;0.13;0.14;0.18;0.62;0.68;0.72;0.47;0
"BOV5";0.52;0.45;0.42;0.51;0.53;0.63;0.58;0.66;0.09;0.1;0.12;0.56;0.76;0.83;0.48;0
"BOV6";0.62;0.61;0.61;0.66;0.68;0.84;0.69;0.79;0.09;0.11;0.13;0.61;0.81;1.06;0.56;0
"BOV7";0.32;0.27;0.24;0.27;0.36;0.46;0.47;0.54;0.09;0.11;0.1;0.24;0.34;0.66;0.34;0
"BOV8";0.28;0.24;0.19;0.22;0.26;0.39;0.38;0.49;0.08;0.08;0.08;0.22;0.31;0.41;0.3;0
"BOV9";0.5;0.52;0.43;0.46;0.51;0.69;0.69;0.88;0.1;0.11;0.12;0.43;0.57;0.8;0.56;0
"BOV10";0.45;0.37;0.37;0.41;0.47;0.59;0.6;0.87;0.08;0.09;0.11;0.39;0.52;0.68;0.47;0
"BOV11";0.5;0.38;0.39;0.45;0.52;0.56;0.69;0.84;0.16;0.15;0.15;0.47;0.59;0.66;0.61;0
"BOV12";0.32;0.25;0.24;0.29;0.35;0.42;0.47;0.57;0.08;0.08;0.1;0.31;0.39;0.57;0.36;0
"BOV13";0.8;0.76;0.63;0.67;0.73;0.89;0.81;0.84;0.14;0.19;0.22;0.7;0.83;1.07;0.61;0
"BOV14";0.64;0.56;0.56;0.55;0.56;0.64;0.6;0.7;0.12;0.13;0.17;0.65;0.67;0.83;0.47;0
"BOV15";0.28;0.24;0.22;0.27;0.3;0.44;0.53;0.54;0.1;0.11;0.11;0.26;0.34;0.55;0.41;0
"BOV16";0.26;0.25;0.22;0.29;0.33;0.42;0.52;0.62;0.07;0.07;0.08;0.31;0.36;0.48;0.39;0
"BOV17";0.23;0.19;0.19;0.22;0.24;0.33;0.41;0.42;0.11;0.08;0.08;0.2;0.27;0.37;0.35;0
"BOV18";0.43;0.36;0.35;0.4;0.4;0.53;0.6;0.96;0.21;0.15;0.15;0.38;0.44;0.54;0.39;0
"BOV19";0.47;0.41;0.44;0.58;0.56;0.59;0.58;0.66;0.09;0.13;0.17;0.45;0.63;0.76;0.48;0
"BOV20";0.29;0.27;0.28;0.38;0.42;0.48;0.46;0.49;0.08;0.09;0.12;0.32;0.46;0.67;0.37;0
"BOV21";0.34;0.27;0.26;0.33;0.37;0.46;0.54;0.57;0.12;0.11;0.11;0.33;0.47;0.62;0.45;0
"BOV22";0.18;0.15;0.12;0.15;0.19;0.25;0.27;0.32;0.07;0.07;0.08;0.15;0.21;0.33;0.18;0
"BOV23";0.31;0.25;0.22;0.26;0.28;0.37;0.46;0.53;0.27;0.1;0.12;0.31;0.32;0.59;0.4;0
"BOV24";0.52;0.54;0.5;0.63;0.64;0.8;0.94;1.24;0.09;0.08;0.1;0.49;0.63;0.73;0.73;0
"BOV25";0.25;0.23;0.22;0.34;0.29;0.34;0.33;0.5;0.11;0.12;0.19;0.3;0.39;0.38;0.31;0
"BOV26";0.32;0.34;0.37;0.46;0.43;0.49;0.43;0.57;0.08;0.1;0.1;0.37;0.51;0.49;0.41;0
"BOV27";0.36;0.33;0.3;0.43;0.35;0.41;0.35;0.5;0.11;0.13;0.11;0.4;0.43;0.44;0.3;0
"BOV28";0.36;0.36;0.32;0.41;0.34;0.38;0.33;0.47;0.1;0.1;0.1;0.36;0.45;0.38;0.3;0
"BOV29";0.78;0.57;0.52;0.77;0.59;0.68;0.63;0.67;0.22;0.22;0.29;0.62;0.71;0.78;0.61;0
"BOV30";0.69;0.63;0.56;0.71;0.58;0.64;0.52;0.72;0.18;0.16;0.14;0.54;0.79;0.7;0.5;0
"BOV31";0.32;0.33;0.29;0.38;0.32;0.36;0.31;0.39;0.1;0.11;0.13;0.34;0.38;0.39;0.29;0
"BOV32";0.7;0.66;0.57;0.8;0.61;0.71;0.57;0.7;0.15;0.37;0.17;0.55;0.79;0.83;0.55;0
"BOV33";0.43;0.41;0.37;0.52;0.42;0.46;0.41;0.5;0.14;0.14;0.15;0.44;0.55;0.54;0.46;0
"BOV34";0.47;0.51;0.38;0.53;0.43;0.46;0.4;0.48;0.16;0.15;0.17;0.43;0.5;0.55;0.39;0
"BOV35";0.97;0.92;0.88;1.08;0.88;0.99;0.83;0.98;0.15;0.17;0.17;0.8;1.08;1.09;0.72;0
"BOV36";0.66;0.61;0.44;0.69;0.5;0.59;0.49;0.63;0.15;0.16;0.16;0.53;0.63;0.69;0.47;0
"BOV37";0.95;0.9;0.83;1.03;0.84;0.95;0.77;0.99;0.19;0.18;0.18;1.08;1.03;0.92;0.72;0
"BOV38";0.65;0.62;0.58;0.75;0.62;0.7;0.56;0.67;0.12;0.13;0.16;0.54;0.71;0.79;0.57;0
"BOV39";0.48;0.44;0.36;0.57;0.43;0.51;0.4;0.47;0.1;0.1;0.12;0.38;0.51;0.58;0.37;0
"BOV40";0.54;0.47;0.47;0.6;0.48;0.53;0.45;0.51;0.14;0.13;0.16;0.44;0.54;0.74;0.43;0
"BOV41";0.63;0.45;0.4;0.54;0.41;0.47;0.42;0.47;0.16;0.12;0.11;0.44;0.51;0.51;0.36;0
"BOV42";0.99;0.98;0.94;1.08;1.06;1.03;0.86;1.1;0.13;0.15;0.18;0.72;1.09;1.11;0.79;0
"BOV43";0.64;0.63;0.52;0.76;0.56;0.66;0.55;0.62;0.14;0.15;0.17;0.53;0.69;0.72;0.5;0
"BOV44";0.54;0.53;0.45;0.67;0.5;0.62;0.48;0.63;0.12;0.12;0.13;0.42;0.67;0.71;0.46;0
"BOV45";0.56;0.52;0.45;0.62;0.48;0.53;0.44;0.56;0.12;0.13;0.14;0.42;0.61;0.63;0.4;0
"BOV46";0.49;0.51;0.48;0.65;0.49;0.56;0.49;0.65;0.13;0.14;0.15;0.47;0.68;0.63;0.51;0
"BOV47";0.58;0.46;0.42;0.69;0.47;0.54;0.47;0.51;0.16;0.19;0.19;0.47;0.58;0.67;0.47;0
"BOV48";0.5;0.4;0.4;0.64;0.49;0.59;0.53;0.56;0.2;0.16;0.17;0.51;0.58;0.64;0.5;0
"BOV49";0.52;0.47;0.46;0.86;0.52;0.55;0.74;0.65;0.16;0.17;0.17;0.5;0.63;0.58;0.48;0
"BOV50";0.57;0.44;0.44;0.89;0.56;0.63;0.59;0.64;0.14;0.17;0.2;0.58;0.71;0.66;0.53;0
"GVABB1";0.48;0.56;0.48;0.87;0.56;0.59;0.62;0.65;0.15;0.15;0.18;0.61;0.68;0.61;0.55;0
"GVABB2";0.75;0.75;0.74;0.92;0.77;0.79;0.71;0.96;0.17;0.21;0.21;0.68;1.1;0.72;0.82;0
"GVABB3";0.52;0.48;0.41;0.86;0.61;0.62;0.67;0.61;0.17;0.24;0.3;0.58;0.68;0.73;0.63;0
"GVABB4";0.44;0.36;0.32;0.67;0.42;0.43;0.46;0.46;0.19;0.23;0.25;0.42;0.49;0.5;0.44;0
"GVABB5";0.63;0.56;0.48;0.92;0.55;0.57;0.56;0.66;0.16;0.18;0.17;0.53;0.67;0.6;0.46;0
"GVABB6";0.65;0.53;0.46;0.89;0.59;0.57;0.59;0.72;0.17;0.2;0.21;0.61;0.73;0.68;0.54;0
"GVABB7";0.42;0.33;0.29;0.73;0.35;0.4;0.39;0.39;0.14;0.16;0.15;0.36;0.39;0.58;0.32;0
"GVABB8";0.63;0.47;0.43;0.78;0.53;0.52;0.5;0.61;0.42;0.21;0.2;0.54;0.68;0.57;0.49;0
"GVABB9";0.59;0.53;0.46;0.93;0.62;0.64;0.69;0.67;0.22;0.28;0.27;0.75;0.67;0.67;0.63;0
"GVABB10";0.56;0.48;0.43;0.82;0.48;0.5;0.52;0.55;0.17;0.19;0.2;0.56;0.55;0.56;0.43;0
"GVABB11";1;0.86;0.82;1.27;0.98;1.04;0.99;1.11;0.21;0.19;0.19;0.89;1.2;1.01;0.89;0
"GVABB12";0.4;0.34;0.32;0.69;0.41;0.43;0.46;0.48;0.21;0.19;0.23;0.43;0.52;0.53;0.46;0
"GVABB13";0.73;0.31;0.53;0.32;0.75;0.25;0.71;0.79;0.11;0.11;0.13;0.29;0.94;0.77;0.33;0
"GVABB14";0.67;0.53;0.58;0.77;0.57;0.6;0.55;0.77;0.14;0.16;0.17;0.59;0.79;0.61;0.53;0
"GVABB15";0.33;0.28;0.25;0.58;0.31;0.34;0.33;0.37;0.11;0.12;0.11;0.31;0.42;0.4;0.32;0
"GVABB16";0.43;0.39;0.36;0.76;0.43;0.45;0.49;0.52;0.12;0.17;0.16;0.52;0.54;0.52;0.43;0
"GVABB17";0.39;0.3;0.24;0.68;0.32;0.4;0.39;0.36;0.17;0.22;0.17;0.41;0.4;0.47;0.34;0
"GVABB18";0.51;0.45;0.41;0.69;0.49;0.48;0.49;0.55;0.18;0.2;0.2;0.49;0.6;0.54;0.47;0
"GVABB19";0.39;0.46;0.5;0.88;0.54;0.57;0.59;0.59;0.23;0.21;0.2;0.56;0.66;0.65;0.51;0
"GVABB20";0.41;0.44;0.49;1.06;0.61;0.65;0.67;0.84;0.1;0.13;0.14;0.6;0.75;0.7;0.5;0
"CBV1";0.33;0.32;0.27;0.58;0.33;0.35;0.35;0.41;0.13;0.15;0.14;0.5;0.42;0.37;0.34;1
"CBV2";0.5;0.41;0.35;0.73;0.48;0.48;0.54;0.61;0.19;0.21;0.26;0.52;0.6;0.56;0.64;1
"CBV3";0.6;0.33;0.28;0.29;0.33;0.35;0.6;0.54;0.13;0.16;0.16;0.44;0.48;0.57;0.35;1
"CBV5";0.9;0.46;0.37;0.36;0.34;0.47;0.83;0.59;0.12;0.15;0.18;0.67;0.72;0.75;0.43;1
"CBV6";1.34;0.72;0.66;0.63;0.54;0.76;1.22;1.13;0.17;0.2;0.18;1;1.14;1.18;0.72;1
"CBV8";0.5;0.2;0.17;0.22;0.2;0.23;0.49;0.26;0.11;0.15;0.14;0.32;0.29;0.44;0.25;1
"CBV9";0.53;0.28;0.24;0.25;0.23;0.27;0.46;0.37;0.12;0.12;0.15;0.36;0.39;0.42;0.28;1
"CBV10";0.62;0.3;0.23;0.29;0.24;0.32;0.6;0.39;0.1;0.13;0.14;0.42;0.44;0.55;0.25;1
"CBV11";0.41;0.19;0.17;0.18;0.19;0.21;0.38;0.27;0.09;0.1;0.1;0.27;0.28;0.33;0.2;1
"CBV12";0.67;0.37;0.32;0.34;0.32;0.39;0.65;0.51;0.12;0.15;0.15;0.53;0.59;0.58;0.4;1
"CBV13";0.35;0.21;0.26;0.21;0.2;0.22;0.36;0.3;0.11;0.14;0.13;0.3;0.35;0.32;0.25;1
"CBV14";0.52;0.25;0.23;0.24;0.24;0.27;0.48;0.33;0.11;0.13;0.16;0.38;0.36;0.46;0.27;1
"CBV15";0.41;0.2;0.17;0.19;0.17;0.22;0.44;0.26;0.1;0.12;0.14;0.3;0.29;0.39;0.23;1
"CBV16";0.53;0.27;0.22;0.25;0.23;0.26;0.55;0.35;0.11;0.16;0.19;0.4;0.43;0.5;0.32;1
"CBV17";0.68;0.37;0.3;0.41;0.31;0.4;0.69;0.47;0.11;0.13;0.15;0.5;0.53;0.65;0.34;1
"CBV18";0.48;0.22;0.18;0.21;0.2;0.23;0.41;0.29;0.12;0.14;0.15;0.32;0.33;0.4;0.27;1
"CBV19";0.6;0.31;0.29;0.32;0.29;0.35;0.66;0.43;0.12;0.15;0.19;0.47;0.47;0.62;0.33;1
"CBV20";0.4;0.2;0.2;0.23;0.25;0.22;0.4;0.28;0.23;0.16;0.19;0.32;0.35;0.37;0.3;1
"CBV21";0.43;0.27;0.19;0.26;0.28;0.24;0.48;0.28;0.14;0.31;0.49;0.36;0.29;0.47;0.52;1
"CBV22";0.32;0.17;0.14;0.16;0.16;0.17;0.32;0.21;0.09;0.11;0.12;0.22;0.38;0.29;0.18;1
"CBV23";0.66;0.39;0.38;0.38;0.34;0.41;0.68;0.51;0.15;0.2;0.18;0.58;0.61;0.67;0.43;1
"CBV24";0.45;0.19;0.15;0.2;0.19;0.22;0.47;0.25;0.09;0.13;0.17;0.3;0.27;0.46;0.22;1
"CBV25";0.48;0.24;0.17;0.21;0.18;0.21;0.4;0.24;0.11;0.13;0.14;0.32;0.25;0.38;0.24;1
"CBV26";0.54;0.51;0.2;0.25;0.22;0.27;0.51;0.34;0.12;0.13;0.14;0.35;0.35;0.47;0.25;1
"CBV27";0.39;0.18;0.16;0.21;0.17;0.19;0.4;0.24;0.15;0.11;0.11;0.27;0.25;0.37;0.2;1
"CBV28";1.44;0.76;0.68;0.75;0.62;0.84;1.33;1.15;0.26;0.26;0.24;1.12;1.2;1.31;0.79;1
"CBV29";0.65;0.27;0.23;0.39;0.25;0.34;0.65;0.46;0.17;0.13;0.13;0.38;0.38;0.43;0.26;1
"CBV30";0.71;0.23;0.21;0.39;0.23;0.23;0.63;0.36;0.18;0.17;0.2;0.39;0.36;0.41;0.28;1
"CBV31";0.43;0.16;0.25;0.25;1.13;0.19;0.45;0.29;0.12;0.15;0.16;0.29;0.26;0.32;0.29;1
"CBV32";0.58;0.26;0.23;0.36;0.24;0.28;0.57;0.45;0.12;0.13;0.14;0.41;0.46;0.45;0.28;1
"CBV33";1;0.51;0.44;0.62;0.44;0.54;1.01;0.8;0.2;0.13;0.15;0.75;0.78;0.79;0.49;1
"CBV34";0.79;0.28;0.25;0.48;0.29;0.44;0.8;0.49;0.11;0.16;0.19;0.51;0.5;0.6;0.39;1
"CBV35";0.36;0.18;0.15;0.25;0.17;0.19;0.38;0.24;0.1;0.14;0.12;0.25;0.21;0.23;0.2;1
"CBV36";0.86;0.44;0.41;0.61;0.41;0.52;1.12;0.7;0.11;0.16;0.17;0.76;0.84;0.89;0.47;1
"CBV37";0.38;0.23;0.25;0.35;0.23;0.24;0.49;0.49;0.13;0.14;0.13;0.36;0.41;0.34;0.25;1
"CBV38";0.61;0.25;0.23;0.38;0.25;0.29;0.76;0.41;0.11;0.14;0.15;0.43;0.48;0.53;0.31;1
"CBV39";0.46;0.24;0.23;0.38;0.24;0.25;0.48;0.34;0.14;0.2;0.2;0.37;0.33;0.54;0.33;1
"CBV40";0.43;0.18;0.18;0.28;0.21;0.2;0.43;0.27;0.12;0.16;0.22;0.27;0.29;0.29;0.24;1
"CBV41";0.37;0.16;0.14;0.21;0.15;0.16;0.34;0.2;0.12;0.12;0.13;0.2;0.19;0.25;0.19;1
"CBV42";0.8;0.33;0.3;0.45;0.29;0.34;0.73;0.46;0.11;0.12;0.11;0.46;0.58;0.48;0.27;1
"CBV43";0.58;0.2;0.19;0.34;0.2;0.21;0.57;0.3;0.14;0.16;0.15;0.35;0.3;0.34;0.27;1
"CBV44";0.61;0.36;0.31;0.54;0.48;0.44;0.7;0.33;0.32;1;0.59;0.49;0.39;0.57;0.64;1
"CBV45";0.6;0.4;0.42;0.47;0.38;0.4;0.56;0.75;0.31;0.25;0.22;0.55;0.62;0.45;0.34;1
"CBV46";0.57;0.16;0.16;0.32;0.16;0.18;0.53;0.3;0.09;0.11;0.11;0.33;0.34;0.36;0.18;1
"CBV47";0.62;0.31;0.31;0.52;0.35;0.31;0.68;0.46;0.65;0.24;0.24;0.5;0.46;0.49;0.4;1
"CBV48";0.4;0.15;0.16;0.29;0.18;0.18;0.42;0.26;0.1;0.11;0.12;0.27;0.27;0.31;0.19;1
"CBV49";0.5;0.19;0.18;0.35;0.2;0.21;0.47;0.25;0.11;0.13;0.13;0.29;0.26;0.34;0.21;1
"CBV50";0.58;0.19;0.19;0.35;0.21;0.23;0.55;0.33;0.1;0.13;0.14;0.36;0.34;0.44;0.24;1
"CBV51";0.6;0.21;0.24;0.39;0.23;0.25;0.62;0.36;0.12;0.15;0.15;0.4;0.54;0.46;0.28;1
"CBV52";0.6;0.21;0.22;0.39;0.25;0.27;0.63;0.4;0.13;0.17;0.17;0.44;0.46;0.57;0.32;1
"CBV53";1.31;0.52;0.41;0.74;0.41;0.57;1.26;0.82;0.15;0.17;0.15;0.85;0.79;1.13;0.4;1
"CBV54";0.78;0.31;0.26;0.41;0.28;0.31;0.7;0.46;0.15;0.18;0.2;0.52;0.53;0.64;0.34;1
"CBV55";0.67;0.27;0.34;0.39;0.32;0.3;0.63;0.38;0.2;0.24;0.22;0.42;0.39;0.54;0.37;1
"CBV56";0.51;0.29;0.2;0.29;0.21;0.22;0.44;0.32;0.14;0.14;0.15;0.33;0.41;0.42;0.23;1
"CBV57";0.57;0.21;0.29;0.3;0.18;0.21;0.49;0.29;0.1;0.13;0.12;0.32;0.29;0.45;0.2;1
"CBV58";0.53;0.21;0.19;0.28;0.19;0.21;0.43;0.29;0.2;0.15;0.15;0.3;0.31;0.42;0.24;1
"CBV59";0.38;0.16;0.13;0.22;0.15;0.17;0.32;0.22;0.09;0.11;0.11;0.23;0.29;0.28;0.18;1
"CBV60";0.73;0.26;0.21;0.42;0.25;0.3;0.63;0.35;0.15;0.16;0.2;0.44;0.42;0.62;0.27;1
"CBV61";1.11;0.47;0.37;0.66;0.41;0.47;1.13;0.72;0.23;0.33;0.39;0.79;0.76;1.02;0.6;1
"CBV62";0.47;0.16;0.13;0.24;0.15;0.3;0.36;0.21;0.24;0.16;0.14;0.25;0.21;0.34;0.23;1
"CBV63";0.69;0.31;0.25;0.42;0.27;0.28;0.62;0.38;0.16;0.2;0.23;0.46;0.42;0.54;0.44;1
"CBV64";0.61;0.22;0.3;0.34;0.22;0.25;0.54;0.31;0.13;0.15;0.16;0.35;0.33;0.53;0.26;1
"CBV65";1.16;0.55;0.44;0.66;0.44;0.54;1.13;0.79;0.2;0.18;0.2;0.78;0.88;0.95;0.5;1
"CBV66";0.65;0.22;0.25;0.33;0.19;0.21;0.49;0.27;0.11;0.13;0.14;0.33;0.34;0.47;0.23;1
"CBV67";1.02;0.68;0.65;0.74;0.57;0.61;0.89;0.92;0.4;0.34;0.3;0.86;0.97;0.86;0.52;1
"CBV68";0.71;0.21;0.17;0.33;0.2;0.24;0.59;0.3;0.11;0.12;0.13;0.34;0.31;0.49;0.22;1
"BBV1";0.51;0.18;0.18;0.28;0.18;0.19;0.41;0.22;0.12;0.15;0.15;0.28;0.23;0.4;0.24;0
"BBV2";0.59;0.23;0.21;0.35;0.22;0.26;0.51;0.34;0.15;0.15;0.17;0.36;0.45;0.49;0.3;0
"BBV3";1.17;0.59;0.46;0.79;0.45;0.6;1.27;0.85;0.2;0.19;0.21;0.99;0.89;1.13;0.54;0
"BBV4";0.57;0.28;0.23;0.38;0.24;0.3;0.54;0.37;0.13;0.15;0.14;0.38;0.39;0.49;0.25;0
"BBV6";0.58;0.31;0.25;0.45;0.26;0.32;0.75;0.45;0.11;0.14;0.13;0.52;0.48;0.65;0.3;0
"BBV7";0.46;0.29;0.19;0.34;0.22;0.25;0.52;0.34;0.15;0.14;0.14;0.37;0.4;0.48;0.28;0
"BBV8";0.59;0.21;0.17;0.37;0.21;0.24;0.55;0.31;0.11;0.18;0.14;0.37;0.32;0.48;0.26;0
"BBV9";0.74;0.27;0.23;0.45;0.29;0.27;0.64;0.43;0.2;0.23;0.21;0.47;0.35;0.63;0.43;0
"BBV10";0.52;0.23;0.16;0.44;0.22;0.29;0.48;0.25;0.13;0.18;0.16;0.27;0.24;0.42;0.26;0
"BBV11";0.51;0.31;0.21;0.44;0.26;0.35;0.45;0.31;0.16;0.16;0.18;0.31;0.31;0.41;0.27;0
"BBV12";0.87;0.46;0.37;0.72;0.37;0.55;0.81;0.63;0.24;0.19;0.18;0.53;0.6;0.71;0.37;0
"BBV13";0.55;0.22;0.17;0.41;0.22;0.29;0.5;0.29;0.11;0.11;0.12;0.3;0.34;0.43;0.21;0
"BBV14";0.87;0.45;0.37;0.75;0.4;0.56;0.85;0.58;0.22;0.22;0.22;0.59;0.56;0.77;0.37;0
"BBV15";0.82;0.37;0.29;0.69;0.37;0.5;0.8;0.49;0.14;0.19;0.2;0.52;0.5;0.67;0.4;0
"BBV16";0.59;0.26;0.21;0.49;0.28;0.3;0.63;0.35;0.12;0.16;0.15;0.38;0.39;0.52;0.29;0
"BBV17";0.55;0.28;0.23;0.52;0.31;0.33;0.59;0.43;0.13;0.16;0.17;0.43;0.37;0.55;0.32;0
"BBV18";0.51;0.25;0.21;0.44;0.23;0.3;0.46;0.27;0.14;0.14;0.15;0.3;0.26;0.56;0.24;0
"BBV20";0.6;0.48;0.21;0.66;0.29;0.63;0.64;0.3;0.11;0.14;0.16;0.34;0.31;0.49;0.27;0
"BBV21";0.52;0.3;0.2;0.5;0.23;0.45;0.58;0.3;0.1;0.13;0.11;0.33;0.3;0.51;0.24;0
"BBV22";0.67;0.27;0.21;0.54;0.27;0.38;0.64;0.34;0.15;0.16;0.17;0.36;0.34;0.58;0.28;0
"BBV23";0.62;0.34;0.25;0.56;0.33;0.51;0.66;0.38;0.16;0.18;0.21;0.43;0.42;0.52;0.34;0
"BBV24";0.47;0.2;0.16;0.43;0.21;0.29;0.48;0.22;0.12;0.12;0.17;0.27;0.29;0.43;0.2;0
"BBV25";0.86;0.32;0.21;0.64;0.29;0.49;0.72;0.34;0.12;0.16;0.17;0.42;0.35;0.62;0.31;0
"BBV26";0.71;0.37;0.27;0.63;0.33;0.53;0.75;0.45;0.18;0.17;0.16;0.47;0.43;0.59;0.31;0
"BBV27";0.4;0.21;0.17;0.36;0.2;0.29;0.41;0.21;0.11;0.12;0.13;0.25;0.23;0.36;0.22;0
"BBV28";0.59;0.23;0.18;0.5;0.22;0.32;0.57;0.29;0.1;0.11;0.11;0.34;0.31;0.53;0.22;0
"BBV29";0.74;0.35;0.29;0.66;0.33;0.43;0.76;0.49;0.12;0.15;0.16;0.54;0.55;0.63;0.35;0
"BBV30";0.61;0.27;0.19;0.53;0.23;0.37;0.58;0.31;0.1;0.12;0.11;0.35;0.33;0.5;0.25;0
"BBV31";0.73;0.27;0.22;0.61;0.28;0.38;0.66;0.29;0.14;0.16;0.16;0.39;0.35;0.58;0.27;0
"BBV32";0.66;0.34;0.49;0.64;0.35;0.59;0.72;0.38;0.15;0.19;0.2;0.43;0.37;0.55;0.36;0
"BBV33";0.62;0.25;0.19;0.51;0.23;0.29;0.54;0.31;0.15;0.16;0.15;0.35;0.29;0.44;0.26;0
"BBV34";0.93;0.36;0.33;0.74;0.34;0.46;0.85;0.58;0.2;0.2;0.2;0.58;0.55;0.77;0.42;0
"BBV35";0.74;0.34;0.26;0.6;0.31;0.45;0.73;0.38;0.13;0.16;0.19;0.41;0.4;0.58;0.34;0
"BBV36";0.77;0.31;0.26;0.59;0.32;0.47;0.73;0.42;0.14;0.18;0.17;0.45;0.44;0.54;0.34;0
"BBV37";0.87;0.45;0.27;0.68;0.37;0.47;0.87;0.46;0.16;0.22;0.21;0.5;0.45;0.73;0.39;0
"BBV38";0.87;0.37;0.31;0.66;0.37;0.44;0.8;0.6;0.23;1.35;0.22;0.55;0.53;0.69;0.41;0
"BBV39";0.97;0.62;0.59;0.8;0.55;0.67;0.93;0.92;0.45;0.4;0.29;0.75;0.86;0.76;0.53;0
"BBV40";0.82;0.35;0.29;0.61;0.36;0.48;0.81;0.52;0.13;0.18;0.17;0.56;0.61;0.66;0.38;0
"BBV41";0.66;0.34;0.28;0.56;0.41;0.4;0.67;0.45;0.15;0.33;0.4;0.51;0.46;0.53;0.53;0
"BBV42";0.89;0.32;0.26;0.68;0.32;0.55;0.84;0.4;0.17;0.19;0.2;0.48;0.44;0.69;0.36;0
"BBV43";0.43;0.2;0.15;0.35;0.22;0.27;0.43;0.24;0.14;0.17;0.16;0.26;0.24;0.33;0.25;0
"BBV44";0.59;0.28;0.21;0.52;0.29;0.4;0.61;0.31;0.15;0.16;0.17;0.36;0.4;0.51;0.32;0
"BBV45";0.57;0.32;0.25;0.53;0.29;0.4;0.61;0.37;0.14;0.14;0.14;0.36;0.35;0.45;0.27;0
"BBV46";0.59;0.49;0.23;0.5;0.32;0.34;0.6;0.38;0.15;0.21;0.25;0.4;0.37;0.54;0.41;0
"BBV47";0.65;0.28;0.23;0.52;0.28;0.34;0.58;0.31;0.16;0.18;0.17;0.35;0.32;0.49;0.26;0
"BBV48";1.21;0.87;0.95;0.95;0.7;0.75;1.01;1.18;0.82;0.57;0.49;1;1.15;0.93;0.68;0
"BBV49";0.34;0.19;0.17;0.3;0.22;0.21;0.33;0.27;0.16;0.17;0.15;0.29;0.25;0.25;0.28;0
"BBV50";0.54;0.25;0.33;0.43;0.26;0.31;0.5;0.29;0.14;0.16;0.17;0.33;0.34;0.43;0.27;0
"BBV51";0.61;0.28;0.23;0.5;0.28;0.38;0.64;0.39;0.13;0.14;0.14;0.4;0.41;0.48;0.34;0
"BBV52";0.81;0.38;0.33;0.67;0.39;0.48;0.81;0.59;0.14;0.19;0.18;0.59;0.69;0.64;0.48;0
"BBV53";0.55;0.25;0.22;0.49;0.29;0.32;0.54;0.34;0.15;0.27;0.27;0.4;0.35;0.46;0.38;0
"BBV54";0.52;0.24;0.2;0.48;0.25;0.42;0.59;0.29;0.12;0.14;0.14;0.31;0.31;0.41;0.28;0
"BBV55";0.52;0.25;0.22;0.49;0.26;0.4;0.6;0.32;0.15;0.13;0.12;0.35;0.36;0.41;0.27;0
"BBV56";0.81;0.35;0.33;0.68;0.35;0.49;0.8;0.63;0.31;0.2;0.17;0.58;0.56;0.66;0.34;0
"s1596";0.73;0.34;0.32;0.62;0.38;0.45;0.74;0.54;0.2;0.24;0.25;0.54;0.53;0.61;0.46;0
"HO2421";0.87;0.5;0.57;0.84;0.66;0.63;0.86;0.84;0.46;0.56;0.52;0.79;0.77;0.78;0.77;0
"HO2502";0.33;0.21;0.18;0.28;0.21;0.23;0.34;0.27;0.11;0.12;0.12;0.24;0.25;0.22;0.22;0
"HO2935";0.77;0.31;0.23;0.6;0.3;0.49;0.72;0.36;0.12;0.12;0.12;0.44;0.39;0.45;0.29;0
"@8217429";0.32;0.13;0.13;0.26;0.15;0.19;0.34;0.17;0.09;0.16;0.1;0.19;0.17;0.19;0.14;0
"@8217441";0.51;0.23;0.2;0.39;0.24;0.31;0.5;0.31;1.43;0.16;0.12;0.36;0.35;0.32;0.25;0
"@8227454";1.14;0.48;0.45;0.77;0.51;0.58;1.01;0.85;0.15;0.18;0.17;0.78;1.01;0.75;0.56;0
"s7967";0.56;0.22;0.2;0.43;0.28;0.36;0.52;0.45;0.17;0.18;0.15;0.43;0.36;0.31;0.33;0
"s8767";0.51;0.19;0.15;0.4;0.21;0.33;0.54;0.23;0.09;0.1;0.1;0.3;0.22;0.24;0.2;0
"KoKo1";0.55;0.2;0.19;0.38;0.22;0.25;0.48;0.26;0.12;0.13;0.13;0.33;0.3;0.32;0.24;0
"KoKo2";0.42;0.16;0.15;0.29;0.2;0.22;0.4;0.28;0.13;0.18;0.13;0.27;0.29;0.24;0.21;0
"KoKo3";1.1;0.29;0.3;0.71;0.36;0.4;0.97;0.57;0.11;0.16;0.16;0.69;0.69;0.67;0.36;0
"@4OQ1";0.58;0.16;0.15;0.33;0.19;0.26;0.54;0.24;0.11;0.13;0.13;0.27;0.2;0.26;0.19;0
"@5OQ1";0.45;0.17;0.16;0.34;0.22;0.31;0.45;0.25;0.11;0.13;0.11;0.3;0.28;0.24;0.21;0
"@6OQ1";0.54;0.23;0.19;0.42;0.24;0.43;0.59;0.27;0.13;0.12;0.11;0.32;0.29;0.27;0.25;0
"@7OQ1";0.48;0.24;0.2;0.45;0.28;0.52;0.56;0.29;0.13;0.18;0.21;0.34;0.3;0.28;0.32;0
"KoKo9";0.37;0.15;0.14;0.27;0.17;0.2;0.37;0.19;0.11;0.12;0.12;0.23;0.2;0.2;0.17;0
"KoKo10";0.6;0.23;0.22;0.42;0.29;0.34;0.59;0.36;0.14;0.16;0.16;0.43;0.32;0.3;0.25;0
